Series Name,Series Code,Country Name,Country Code,2016 [YR2016],2017 [YR2017],2018 [YR2018],2019 [YR2019],2020 [YR2020]
Population density (people per sq. km of land area),EN.POP.DNST,Afghanistan,AFG,54.1971142358239,55.5959930153479,56.937760009803,..,..
Population density (people per sq. km of land area),EN.POP.DNST,Albania,ALB,104.967189781022,104.870693430657,104.612262773723,..,..
Population density (people per sq. km of land area),EN.POP.DNST,Algeria,DZA,17.0259574932612,17.3777146120063,17.7300750711665,..,..
Population density (people per sq. km of land area),EN.POP.DNST,American Samoa,ASM,278.705,278.1,277.325,..,..
Population density (people per sq. km of land area),EN.POP.DNST,Andorra,AND,164.46170212766,163.831914893617,163.842553191489,..,..
Population density (people per sq. km of land area),EN.POP.DNST,Angola,AGO,23.1350637683484,23.9165380604797,24.7130520574316,..,..
Population density (people per sq. km of land area),EN.POP.DNST,Antigua and Barbuda,ATG,214.834090909091,216.877272727273,218.831818181818,..,..
Population density (people per sq. km of land area),EN.POP.DNST,Argentina,ARG,15.9281350828921,16.0941907925267,16.2585100979651,..,..
Population density (people per sq. km of land area),EN.POP.DNST,Armenia,ARM,103.131225851774,103.435511064278,103.680224798033,..,..
Population density (people per sq. km of land area),EN.POP.DNST,Aruba,ABW,582.622222222222,585.366666666667,588.027777777778,..,..
Population density (people per sq. km of land area),EN.POP.DNST,Australia,AUS,3.14493553058884,3.19836141871706,3.24787091037205,..,..
Population density (people per sq. km of land area),EN.POP.DNST,Austria,AUT,105.869493435483,106.607445296677,107.127966860564,..,..
Population density (people per sq. km of land area),EN.POP.DNST,Azerbaijan,AZE,118.033288980283,119.197205757832,120.23431716463,..,..
Population density (people per sq. km of land area),EN.POP.DNST,"Bahamas, The",BHS,37.7553446553447,38.137962037962,38.5254745254745,..,..
Population density (people per sq. km of land area),EN.POP.DNST,Bahrain,BHR,1832.63617490023,1920.40352364259,2017.27369979138,..,..
Population density (people per sq. km of land area),EN.POP.DNST,Bangladesh,BGD,1213.57332718752,1226.63127448721,1239.57931166936,..,..
Population density (people per sq. km of land area),EN.POP.DNST,Barbados,BRB,664.641860465116,665.658139534884,666.606976744186,..,..
Population density (people per sq. km of land area),EN.POP.DNST,Belarus,BLR,46.8083514016087,46.792242075569,46.7195037884204,..,..
Population density (people per sq. km of land area),EN.POP.DNST,Belgium,BEL,374.221334214003,375.66571994716,377.379590488771,..,..
Population density (people per sq. km of land area),EN.POP.DNST,Belize,BLZ,16.1508110477861,16.4738711091626,16.7939938623411,..,..
Population density (people per sq. km of land area),EN.POP.DNST,Benin,BEN,96.4177633912735,99.1061014544165,101.853919829727,..,..
Population density (people per sq. km of land area),EN.POP.DNST,Bermuda,BMU,1195.44442333214,1182.83331244375,1183.70368279874,..,..
Population density (people per sq. km of land area),EN.POP.DNST,Bhutan,BTN,19.3138899659506,19.5461414400175,19.7775277714448,..,..
Population density (people per sq. km of land area),EN.POP.DNST,Bolivia,BOL,10.1835253392412,10.3321831440967,10.4801458506416,..,..
Population density (people per sq. km of land area),EN.POP.DNST,Bosnia and Herzegovina,BIH,66.13802734375,65.45951171875,64.92048828125,..,..
Population density (people per sq. km of land area),EN.POP.DNST,Botswana,BWA,3.81123992024421,3.89096748010516,3.97742487604327,..,..
Population density (people per sq. km of land area),EN.POP.DNST,Brazil,BRA,24.6661407920901,24.8660384966033,25.0617162430876,..,..
Population density (people per sq. km of land area),EN.POP.DNST,British Virgin Islands,VGB,195.7,197.18,198.68,..,..
Population density (people per sq. km of land area),EN.POP.DNST,Brunei Darussalam,BRN,79.6584440227704,80.5451612903226,81.3969639468691,..,..
Population density (people per sq. km of land area),EN.POP.DNST,Bulgaria,BGR,65.6579034635225,65.1800571112749,64.7110998526161,..,..
Population density (people per sq. km of land area),EN.POP.DNST,Burkina Faso,BFA,68.151966374269,70.1508918128655,72.1912828947368,..,..
Population density (people per sq. km of land area),EN.POP.DNST,Burundi,BDI,408.411137071651,421.61308411215,435.178271028037,..,..
Population density (people per sq. km of land area),EN.POP.DNST,Cabo Verde,CPV,131.798014888337,133.373945409429,134.929776674938,..,..
Population density (people per sq. km of land area),EN.POP.DNST,Cambodia,KHM,89.3173181509177,90.6946181735781,92.0564128710628,..,..
Population density (people per sq. km of land area),EN.POP.DNST,Cameroon,CMR,50.615681919147,51.9685325040723,53.3439889149796,..,..
Population density (people per sq. km of land area),EN.POP.DNST,Canada,CAN,3.97090749336615,4.01861558408139,4.07518823864492,..,..
Population density (people per sq. km of land area),EN.POP.DNST,Cayman Islands,CYM,260.704166666667,264.091666666667,267.391666666667,..,..
Population density (people per sq. km of land area),EN.POP.DNST,Central African Republic,CAF,7.28384057273107,7.37748884394363,7.49041221227006,..,..
Population density (people per sq. km of land area),EN.POP.DNST,Chad,TCD,11.5642201397713,11.9256456480305,12.2917336404066,..,..
Population density (people per sq. km of land area),EN.POP.DNST,Channel Islands,CHI,843.045487029935,851.843467166921,861.106093786457,..,..
Population density (people per sq. km of land area),EN.POP.DNST,Chile,CHL,24.4899577081939,24.8414839222839,25.1894460666519,..,..
Population density (people per sq. km of land area),EN.POP.DNST,China,CHN,146.850677605209,147.674050750889,148.348833270666,..,..
Population density (people per sq. km of land area),EN.POP.DNST,Colombia,COL,43.4172077512393,44.0748679585399,44.7487021180712,..,..
Population density (people per sq. km of land area),EN.POP.DNST,Comoros,COM,427.507777488981,437.341200057394,447.244477540227,..,..
Population density (people per sq. km of land area),EN.POP.DNST,"Congo, Dem. Rep.",COD,34.7540314505635,35.9051472177499,37.0825923557045,..,..
Population density (people per sq. km of land area),EN.POP.DNST,"Congo, Rep.",COG,14.5856486090776,14.9654524158126,15.3568462664715,..,..
Population density (people per sq. km of land area),EN.POP.DNST,Costa Rica,CRI,95.9527027027027,96.9438699569134,97.9130630630631,..,..
Population density (people per sq. km of land area),EN.POP.DNST,Cote d'Ivoire,CIV,74.9141949685535,76.8473867924528,78.8340534591195,..,..
Population density (people per sq. km of land area),EN.POP.DNST,Croatia,HRV,74.5952287348106,73.7049857040743,73.0493745532523,..,..
Population density (people per sq. km of land area),EN.POP.DNST,Cuba,CUB,108.970476831379,109.010373005191,108.999596231494,..,..
Population density (people per sq. km of land area),EN.POP.DNST,Curacao,CUW,359.603603603604,360.754504504505,..,..,..
Population density (people per sq. km of land area),EN.POP.DNST,Cyprus,CYP,126.643614718615,127.670995670996,128.708333333333,..,..
Population density (people per sq. km of land area),EN.POP.DNST,Czech Republic,CZE,136.834136234136,137.198109298109,137.657705257705,..,..
Population density (people per sq. km of land area),EN.POP.DNST,Denmark,DNK,136.41366992141,137.294117647059,137.976565849012,..,..
Population density (people per sq. km of land area),EN.POP.DNST,Djibouti,DJI,40.0824849007765,40.7289473684211,41.3684210526316,..,..
Population density (people per sq. km of land area),EN.POP.DNST,Dominica,DMA,95.076,95.2773333333333,95.5,..,..
Population density (people per sq. km of land area),EN.POP.DNST,Dominican Republic,DOM,215.22962119644,217.618112192093,219.97857586421,..,..
Population density (people per sq. km of land area),EN.POP.DNST,Ecuador,ECU,66.400044290546,67.5848002899018,68.7886817522951,..,..
Population density (people per sq. km of land area),EN.POP.DNST,"Egypt, Arab Rep.",EGY,94.8787704053443,96.8834125269978,98.8734692852479,..,..
Population density (people per sq. km of land area),EN.POP.DNST,El Salvador,SLV,306.763658301158,308.307046332046,309.881467181467,..,..
Population density (people per sq. km of land area),EN.POP.DNST,Equatorial Guinea,GNQ,43.321889483066,44.9911229946524,46.6657397504456,..,..
Population density (people per sq. km of land area),EN.POP.DNST,Eritrea,ERI,..,..,..,..,..
Population density (people per sq. km of land area),EN.POP.DNST,Estonia,EST,30.2689210950081,30.3055900621118,30.4112491373361,..,..
Population density (people per sq. km of land area),EN.POP.DNST,Eswatini,SWZ,64.766511627907,65.3926162790698,66.0576162790698,..,..
Population density (people per sq. km of land area),EN.POP.DNST,Ethiopia,ETH,103.603501,106.400024,109.224559,..,..
Population density (people per sq. km of land area),EN.POP.DNST,Faroe Islands,FRO,34.5078781474256,34.6210586582365,34.7399698278226,..,..
Population density (people per sq. km of land area),EN.POP.DNST,Fiji,FJI,47.7503557744937,48.0273125342091,48.3570333880679,..,..
Population density (people per sq. km of land area),EN.POP.DNST,Finland,FIN,18.0820078312658,18.1244908031983,18.1485472672831,..,..
Population density (people per sq. km of land area),EN.POP.DNST,France,FRA,121.857824759823,122.114008137994,122.299437237519,..,..
Population density (people per sq. km of land area),EN.POP.DNST,French Polynesia,PYF,75.0204918032787,75.4379781420765,75.8685792349727,..,..
Population density (people per sq. km of land area),EN.POP.DNST,Gabon,GAB,7.79242053789731,8.01343967089688,8.22476423332169,..,..
Population density (people per sq. km of land area),EN.POP.DNST,"Gambia, The",GMB,212.365513833992,218.764229249012,225.30652173913,..,..
Population density (people per sq. km of land area),EN.POP.DNST,Georgia,GEO,65.2140557752196,65.2227859617201,65.197330207495,65.0477623429791,..
Population density (people per sq. km of land area),EN.POP.DNST,Germany,DEU,235.712929356538,236.595494618731,237.30759674834,..,..
Population density (people per sq. km of land area),EN.POP.DNST,Ghana,GHA,125.173358530368,127.983963259207,130.821429199262,..,..
Population density (people per sq. km of land area),EN.POP.DNST,Gibraltar,GIB,3373.7,3372.8,3371.8,..,..
Population density (people per sq. km of land area),EN.POP.DNST,Greece,GRC,83.5994647013189,83.4342823894492,83.2651823118697,..,..
Population density (people per sq. km of land area),EN.POP.DNST,Greenland,GRL,0.136888780606651,0.136854671701791,0.136491655500061,..,..
Population density (people per sq. km of land area),EN.POP.DNST,Grenada,GRD,324.297058823529,326.1,327.805882352941,..,..
Population density (people per sq. km of land area),EN.POP.DNST,Guam,GUM,301.761111111111,304.224074074074,306.977777777778,..,..
Population density (people per sq. km of land area),EN.POP.DNST,Guatemala,GTM,147.701474430758,150.125214632325,152.547125793206,..,..
Population density (people per sq. km of land area),EN.POP.DNST,Guinea,GIN,47.7716140322318,49.1109352108091,50.5222122741332,..,..
Population density (people per sq. km of land area),EN.POP.DNST,Guinea-Bissau,GNB,63.3868065433855,65.0123044096728,66.6539473684211,..,..
Population density (people per sq. km of land area),EN.POP.DNST,Guyana,GUY,3.91854711709423,3.93813055626111,3.95734823469647,..,..
Population density (people per sq. km of land area),EN.POP.DNST,Haiti,HTI,393.322568940493,398.489332365747,403.59854862119,..,..
Population density (people per sq. km of land area),EN.POP.DNST,Honduras,HND,82.8563321118956,84.2703816248101,85.6870319063366,..,..
Population density (people per sq. km of land area),EN.POP.DNST,"Hong Kong SAR, China",HKG,6987.2380952381,7039.71428571429,7096.19047619048,..,..
Population density (people per sq. km of land area),EN.POP.DNST,Hungary,HUN,108.406307301447,108.118480061858,107.981486799956,..,..
Population density (people per sq. km of land area),EN.POP.DNST,Iceland,ISL,3.34602493765586,3.42543640897756,3.51841396508728,..,..
Population density (people per sq. km of land area),EN.POP.DNST,India,IND,445.484341397623,450.243285831043,454.938072575247,..,..
Population density (people per sq. km of land area),EN.POP.DNST,Indonesia,IDN,144.379861666952,146.086480787383,147.75219008926,..,..
Population density (people per sq. km of land area),EN.POP.DNST,"Iran, Islamic Rep.",IRN,48.8494412927626,49.5309014219406,50.222420123284,..,..
Population density (people per sq. km of land area),EN.POP.DNST,Iraq,IRQ,84.3314214728393,86.5016316022141,88.5305700354617,..,..
Population density (people per sq. km of land area),EN.POP.DNST,Ireland,IRL,69.027943097692,69.7835389751778,70.6534475250399,..,..
Population density (people per sq. km of land area),EN.POP.DNST,Isle of Man,IMN,146.117543859649,146.663157894737,147.50350877193,..,..
Population density (people per sq. km of land area),EN.POP.DNST,Israel,ISR,394.916820702403,402.647874306839,410.480591497227,..,..
Population density (people per sq. km of land area),EN.POP.DNST,Italy,ITA,206.117828245053,205.809169103148,205.418372203713,..,..
Population density (people per sq. km of land area),EN.POP.DNST,Jamaica,JAM,268.350692520776,269.700184672207,270.993074792244,..,..
Population density (people per sq. km of land area),EN.POP.DNST,Japan,JPN,348.350096006144,347.777586679833,347.073458415624,..,..
Population density (people per sq. km of land area),EN.POP.DNST,Jordan,JOR,107.585796350529,110.150630772697,112.14249831043,..,..
Population density (people per sq. km of land area),EN.POP.DNST,Kazakhstan,KAZ,6.59112308775049,6.68140015557284,6.76982572137645,..,..
Population density (people per sq. km of land area),EN.POP.DNST,Kenya,KEN,86.1856239238149,88.2409828864603,90.2994166637383,..,..
Population density (people per sq. km of land area),EN.POP.DNST,Kiribati,KIR,138.918518518519,140.935802469136,143.020987654321,..,..
Population density (people per sq. km of land area),EN.POP.DNST,"Korea, Dem. People’s Rep.",PRK,210.17975251225,211.194958890458,212.190175234615,..,..
Population density (people per sq. km of land area),EN.POP.DNST,"Korea, Rep.",KOR,525.370051470148,526.848248951154,529.358501289308,..,..
Population density (people per sq. km of land area),EN.POP.DNST,Kosovo,XKX,163.27335354092,164.508404519151,..,..,..
Population density (people per sq. km of land area),EN.POP.DNST,Kuwait,KWT,222.046857463524,227.614983164983,232.172390572391,..,..
Population density (people per sq. km of land area),EN.POP.DNST,Kyrgyz Republic,KGZ,31.6970802919708,32.3159541188738,32.9655891553702,..,..
Population density (people per sq. km of land area),EN.POP.DNST,Lao PDR,LAO,29.6613778162912,30.125801559792,30.5957842287695,..,..
Population density (people per sq. km of land area),EN.POP.DNST,Latvia,LVA,31.5139433901576,31.2358957864265,30.9934705693149,..,..
Population density (people per sq. km of land area),EN.POP.DNST,Lebanon,LBN,656.023558162268,665.872238514174,669.494134897361,..,..
Population density (people per sq. km of land area),EN.POP.DNST,Lesotho,LSO,68.3465415019763,68.8870882740448,69.437812911726,..,..
Population density (people per sq. km of land area),EN.POP.DNST,Liberia,LBR,47.6203073089701,48.8188122923588,50.0309073920266,..,..
Population density (people per sq. km of land area),EN.POP.DNST,Libya,LBY,3.6896938972686,3.74002523386794,3.79563238119054,..,..
Population density (people per sq. km of land area),EN.POP.DNST,Liechtenstein,LIE,235.3625,236.25,236.9375,..,..
Population density (people per sq. km of land area),EN.POP.DNST,Lithuania,LTU,45.7876649942685,45.151861559541,44.7230757742448,..,..
Population density (people per sq. km of land area),EN.POP.DNST,Luxembourg,LUX,239.511934156379,245.405761316872,250.185185185185,..,..
Population density (people per sq. km of land area),EN.POP.DNST,"Macao SAR, China",MAC,20159.0792003315,20479.7699938293,20777.5002607232,..,..
Population density (people per sq. km of land area),EN.POP.DNST,Madagascar,MDG,42.788552767274,43.9507390855964,45.1398556204881,..,..
Population density (people per sq. km of land area),EN.POP.DNST,Malawi,MWI,182.491397963513,187.423207467119,192.440761561307,..,..
Population density (people per sq. km of land area),EN.POP.DNST,Malaysia,MYS,93.3946248668391,94.6736508902755,95.9628214883579,..,..
Population density (people per sq. km of land area),EN.POP.DNST,Maldives,MDV,1585.04333333333,1654.67333333333,1718.98666666667,..,..
Population density (people per sq. km of land area),EN.POP.DNST,Mali,MLI,14.7234684762209,15.1717306321147,15.635015858186,..,..
Population density (people per sq. km of land area),EN.POP.DNST,Malta,MLT,1422.9875,1462.496875,1514.46875,..,..
Population density (people per sq. km of land area),EN.POP.DNST,Marshall Islands,MHL,320.75,322.544444444444,324.516666666667,..,..
Population density (people per sq. km of land area),EN.POP.DNST,Mauritania,MRT,4.03952071407781,4.15501503832347,4.27216357815077,..,..
Population density (people per sq. km of land area),EN.POP.DNST,Mauritius,MUS,622.400492610837,622.962068965517,623.30197044335,..,..
Population density (people per sq. km of land area),EN.POP.DNST,Mexico,MEX,63.4447264590139,64.1875171686515,64.9146264050001,..,..
Population density (people per sq. km of land area),EN.POP.DNST,"Micronesia, Fed. Sts.",FSM,157.45,159.227142857143,160.914285714286,..,..
Population density (people per sq. km of land area),EN.POP.DNST,Moldova,MDA,97.6127773713728,95.9751280175567,94.2644302783293,94.018880412443,..
Population density (people per sq. km of land area),EN.POP.DNST,Monaco,MCO,19035,19196,..,..,..
Population density (people per sq. km of land area),EN.POP.DNST,Mongolia,MNG,1.9673260125132,2.00428628440485,2.04060866654651,..,..
Population density (people per sq. km of land area),EN.POP.DNST,Montenegro,MNE,46.2678810408922,46.2730855018587,46.2622304832714,..,..
Population density (people per sq. km of land area),EN.POP.DNST,Morocco,MAR,78.7055702442303,79.7250593771006,80.7285189334528,..,..
Population density (people per sq. km of land area),EN.POP.DNST,Mozambique,MOZ,35.3899412497775,36.4315051247489,37.508535313716,..,..
Population density (people per sq. km of land area),EN.POP.DNST,Myanmar,MMR,81.2231671464445,81.7397271390948,82.2386154835549,..,..
Population density (people per sq. km of land area),EN.POP.DNST,Namibia,NAM,2.86416815459923,2.91829489001445,2.97374558175127,..,..
Population density (people per sq. km of land area),EN.POP.DNST,Nauru,NRU,652.45,643.8,635.2,..,..
Population density (people per sq. km of land area),EN.POP.DNST,Nepal,NPL,190.171824206488,192.724966864318,195.939107080572,..,..
Population density (people per sq. km of land area),EN.POP.DNST,Netherlands,NLD,505.500563965568,508.497951914515,511.475927574948,..,..
Population density (people per sq. km of land area),EN.POP.DNST,New Caledonia,NCL,15.1285557986871,15.3364332603939,15.5393873085339,..,..
Population density (people per sq. km of land area),EN.POP.DNST,New Zealand,NZL,17.8238578101857,18.2062967604724,18.3851733697923,..,..
Population density (people per sq. km of land area),EN.POP.DNST,Nicaragua,NIC,52.3846933687884,53.0567974073459,53.7270483629716,..,..
Population density (people per sq. km of land area),EN.POP.DNST,Niger,NER,16.4118086366148,17.0541343648851,17.7176505881424,..,..
Population density (people per sq. km of land area),EN.POP.DNST,Nigeria,NGA,204.179198919596,209.573559735169,215.064988965381,..,..
Population density (people per sq. km of land area),EN.POP.DNST,North Macedonia,MKD,82.503766851705,82.5533703409992,82.5915146708961,..,..
Population density (people per sq. km of land area),EN.POP.DNST,Northern Mariana Islands,MNP,122.147826086957,122.960869565217,123.65652173913,..,..
Population density (people per sq. km of land area),EN.POP.DNST,Norway,NOR,14.3363164960781,14.4525759458847,14.5482916341657,..,..
Population density (people per sq. km of land area),EN.POP.DNST,Oman,OMN,14.472436187399,15.075718901454,15.6041453957997,..,..
Population density (people per sq. km of land area),EN.POP.DNST,Pakistan,PAK,264.149133457866,269.687481838937,275.289318700706,..,..
Population density (people per sq. km of land area),EN.POP.DNST,Palau,PLW,38.5326086956522,38.7130434782609,38.9282608695652,..,..
Population density (people per sq. km of land area),EN.POP.DNST,Panama,PAN,54.3055959106807,55.2430858218994,56.1860774818402,..,..
Population density (people per sq. km of land area),EN.POP.DNST,Papua New Guinea,PNG,18.2656008479442,18.6327540520249,19.0043633794109,..,..
Population density (people per sq. km of land area),EN.POP.DNST,Paraguay,PRY,17.0598338786811,17.2843241882708,17.5083589227284,..,..
Population density (people per sq. km of land area),EN.POP.DNST,Peru,PER,24.1609625,24.56585703125,24.99160625,..,..
Population density (people per sq. km of land area),EN.POP.DNST,Philippines,PHL,347.667193211926,352.72919475467,357.688305329175,..,..
Population density (people per sq. km of land area),EN.POP.DNST,Poland,POL,124.008253045495,124.0237303635,124.023482151605,..,..
Population density (people per sq. km of land area),EN.POP.DNST,Portugal,PRT,112.71638943829,112.441821058412,112.2619412173,..,..
Population density (people per sq. km of land area),EN.POP.DNST,Puerto Rico,PRI,384.066741826381,374.891319052988,360.017361894025,..,..
Population density (people per sq. km of land area),EN.POP.DNST,Qatar,QAT,228.628251507321,234.687683031869,239.593195521103,..,..
Population density (people per sq. km of land area),EN.POP.DNST,Romania,ROU,85.6322453059805,85.132519123783,84.633801286509,..,..
Population density (people per sq. km of land area),EN.POP.DNST,Russian Federation,RUS,8.8137962870805,8.82322079860193,8.82206795315588,..,..
Population density (people per sq. km of land area),EN.POP.DNST,Rwanda,RWA,472.99627077422,485.648034049453,498.659870287799,..,..
Population density (people per sq. km of land area),EN.POP.DNST,Samoa,WSM,68.7402826855124,69.0289752650177,69.3038869257951,..,..
Population density (people per sq. km of land area),EN.POP.DNST,San Marino,SMR,558.4,561.183333333333,563.083333333333,..,..
Population density (people per sq. km of land area),EN.POP.DNST,Sao Tome and Principe,STP,211.694791666667,215.717708333333,219.820833333333,..,..
Population density (people per sq. km of land area),EN.POP.DNST,Saudi Arabia,SAU,15.0917443910517,15.3971721504031,15.6766543082956,..,..
Population density (people per sq. km of land area),EN.POP.DNST,Senegal,SEN,77.8763205734171,80.0881992416766,82.3474783150678,..,..
Population density (people per sq. km of land area),EN.POP.DNST,Serbia,SRB,80.7034301394923,80.275074319689,79.8376857992225,..,..
Population density (people per sq. km of land area),EN.POP.DNST,Seychelles,SYC,205.819565217391,208.354347826087,210.352173913043,..,..
Population density (people per sq. km of land area),EN.POP.DNST,Sierra Leone,SLE,101.535577722361,103.746619562206,105.987170961485,..,..
Population density (people per sq. km of land area),EN.POP.DNST,Singapore,SGP,7908.72056321932,7915.73043612911,7952.9984184018,..,..
Population density (people per sq. km of land area),EN.POP.DNST,Sint Maarten (Dutch part),SXM,1175.55882352941,1193.35294117647,..,..,..
Population density (people per sq. km of land area),EN.POP.DNST,Slovak Republic,SVK,112.953369384359,113.128785357737,113.285586522463,..,..
Population density (people per sq. km of land area),EN.POP.DNST,Slovenia,SVN,102.524180819215,102.59100635951,102.96366052404,..,..
Population density (people per sq. km of land area),EN.POP.DNST,Solomon Islands,SLB,22.1306538049303,22.7237584851733,23.324687388353,..,..
Population density (people per sq. km of land area),EN.POP.DNST,Somalia,SOM,22.6123202728983,23.2555217266554,23.9234769024771,..,..
Population density (people per sq. km of land area),EN.POP.DNST,South Africa,ZAF,46.3309845106299,46.987817062213,47.6301197767684,..,..
Population density (people per sq. km of land area),EN.POP.DNST,South Sudan,SSD,..,..,..,..,..
Population density (people per sq. km of land area),EN.POP.DNST,Spain,ESP,93.0492658676261,93.2678044400906,93.6771974435832,..,..
Population density (people per sq. km of land area),EN.POP.DNST,Sri Lanka,LKA,338.111943868601,341.955031095519,345.558922022006,..,..
Population density (people per sq. km of land area),EN.POP.DNST,St. Kitts and Nevis,KNA,198.557692307692,200.173076923077,201.696153846154,..,..
Population density (people per sq. km of land area),EN.POP.DNST,St. Lucia,LCA,295.12131147541,296.647540983607,298.17868852459,..,..
Population density (people per sq. km of land area),EN.POP.DNST,St. Martin (French part),MAF,662.959558823529,672.058823529412,..,..,..
Population density (people per sq. km of land area),EN.POP.DNST,St. Vincent and the Grenadines,VCT,280.664102564103,281.607692307692,282.589743589744,..,..
Population density (people per sq. km of land area),EN.POP.DNST,Sudan,SDN,..,..,..,..,..
Population density (people per sq. km of land area),EN.POP.DNST,Suriname,SUR,3.62107692307692,3.65702564102564,3.69225,..,..
Population density (people per sq. km of land area),EN.POP.DNST,Sweden,SWE,24.3624880312293,24.6929807763129,24.9814981218237,..,..
Population density (people per sq. km of land area),EN.POP.DNST,Switzerland,CHE,211.89740340796,213.883991070172,215.465350480429,..,..
Population density (people per sq. km of land area),EN.POP.DNST,Syrian Arab Republic,SYR,95.0494635952731,92.9477863094266,92.0671077710614,..,..
Population density (people per sq. km of land area),EN.POP.DNST,Tajikistan,TJK,62.4222134159522,63.9834858419194,65.5727141724908,..,..
Population density (people per sq. km of land area),EN.POP.DNST,Tanzania,TZA,59.8902573944457,61.7113411605329,63.5790787988259,..,..
Population density (people per sq. km of land area),EN.POP.DNST,Thailand,THA,135.002311652215,135.469196891699,135.897206835131,..,..
Population density (people per sq. km of land area),EN.POP.DNST,Timor-Leste,TLS,81.9965030262273,83.6086751849361,85.270477471419,..,..
Population density (people per sq. km of land area),EN.POP.DNST,Togo,TGO,138.075969847398,141.542103327818,145.046773303916,..,..
Population density (people per sq. km of land area),EN.POP.DNST,Tonga,TON,140.4625,141.663888888889,143.329166666667,..,..
Population density (people per sq. km of land area),EN.POP.DNST,Trinidad and Tobago,TTO,268.530994152047,269.799610136452,270.927485380117,..,..
Population density (people per sq. km of land area),EN.POP.DNST,Tunisia,TUN,72.7596936148301,73.5932221936148,74.4413233779609,..,..
Population density (people per sq. km of land area),EN.POP.DNST,Turkey,TUR,103.714413419435,105.377768538129,106.960128893104,..,..
Population density (people per sq. km of land area),EN.POP.DNST,Turkmenistan,TKM,12.0493945906837,12.2521843678846,12.4505947694337,..,..
Population density (people per sq. km of land area),EN.POP.DNST,Turks and Caicos Islands,TCA,38.4831578947368,39.0684210526316,39.6473684210526,..,..
Population density (people per sq. km of land area),EN.POP.DNST,Tuvalu,TUV,374.166666666667,379,383.6,..,..
Population density (people per sq. km of land area),EN.POP.DNST,Uganda,UGA,197.723449032515,205.27860063834,213.061734490325,..,..
Population density (people per sq. km of land area),EN.POP.DNST,Ukraine,UKR,77.6893680194721,77.389796129745,77.0296708039151,..,..
Population density (people per sq. km of land area),EN.POP.DNST,United Arab Emirates,ARE,131.807659814137,133.584947901999,135.609110109828,..,..
Population density (people per sq. km of land area),EN.POP.DNST,United Kingdom,GBR,271.200731616583,273.049472988054,274.708981936924,..,..
Population density (people per sq. km of land area),EN.POP.DNST,United States,USA,35.3040869447341,35.5275628537883,35.7136220923495,..,..
Population density (people per sq. km of land area),EN.POP.DNST,Uruguay,URY,19.5642326591247,19.635733059079,19.7080276539824,..,..
Population density (people per sq. km of land area),EN.POP.DNST,Uzbekistan,UZB,74.8657733897508,76.1368124118477,77.4708509637988,..,..
Population density (people per sq. km of land area),EN.POP.DNST,Vanuatu,VUT,22.8326497128794,23.4216570959803,24.0098441345365,..,..
Population density (people per sq. km of land area),EN.POP.DNST,"Venezuela, RB",VEN,33.8372870018706,33.3205702624568,32.7307919052208,..,..
Population density (people per sq. km of land area),EN.POP.DNST,Vietnam,VNM,301.992208211049,305.08156867804,308.125245912213,..,..
Population density (people per sq. km of land area),EN.POP.DNST,Virgin Islands (U.S.),VIR,307.171428571429,306.48,305.648571428571,..,..
Population density (people per sq. km of land area),EN.POP.DNST,West Bank and Gaza,PSE,725.429900332226,740.000830564784,758.984551495017,..,..
Population density (people per sq. km of land area),EN.POP.DNST,"Yemen, Rep.",YEM,51.4578669242571,52.7204594958047,53.9778529083092,..,..
Population density (people per sq. km of land area),EN.POP.DNST,Zambia,ZMB,22.0120085015941,22.6713945573656,23.3414789007116,..,..
Population density (people per sq. km of land area),EN.POP.DNST,Zimbabwe,ZWE,36.2682952048598,36.8017190125372,37.3245909267158,..,..
Urban population (% of total population),SP.URB.TOTL.IN.ZS,Afghanistan,AFG,25.02,25.25,25.495,25.754,..
Urban population (% of total population),SP.URB.TOTL.IN.ZS,Albania,ALB,58.421,59.383,60.319,61.229,..
Urban population (% of total population),SP.URB.TOTL.IN.ZS,Algeria,DZA,71.459,72.052,72.629,73.189,..
Urban population (% of total population),SP.URB.TOTL.IN.ZS,American Samoa,ASM,87.198,87.17,87.153,87.147,..
Urban population (% of total population),SP.URB.TOTL.IN.ZS,Andorra,AND,88.248,88.15,88.062,87.984,..
Urban population (% of total population),SP.URB.TOTL.IN.ZS,Angola,AGO,64.149,64.839,65.514,66.177,..
Urban population (% of total population),SP.URB.TOTL.IN.ZS,Antigua and Barbuda,ATG,24.846,24.713,24.599,24.506,..
Urban population (% of total population),SP.URB.TOTL.IN.ZS,Argentina,ARG,91.627,91.749,91.87,91.991,..
Urban population (% of total population),SP.URB.TOTL.IN.ZS,Armenia,ARM,63.082,63.103,63.149,63.219,..
Urban population (% of total population),SP.URB.TOTL.IN.ZS,Aruba,ABW,43.192,43.293,43.411,43.546,..
Urban population (% of total population),SP.URB.TOTL.IN.ZS,Australia,AUS,85.8,85.904,86.012,86.124,..
Urban population (% of total population),SP.URB.TOTL.IN.ZS,Austria,AUT,57.905,58.094,58.297,58.515,..
Urban population (% of total population),SP.URB.TOTL.IN.ZS,Azerbaijan,AZE,55.021,55.343,55.68,56.031,..
Urban population (% of total population),SP.URB.TOTL.IN.ZS,"Bahamas, The",BHS,82.832,82.925,83.025,83.132,..
Urban population (% of total population),SP.URB.TOTL.IN.ZS,Bahrain,BHR,89.09,89.186,89.287,89.394,..
Urban population (% of total population),SP.URB.TOTL.IN.ZS,Bangladesh,BGD,35.083,35.858,36.632,37.405,..
Urban population (% of total population),SP.URB.TOTL.IN.ZS,Barbados,BRB,31.193,31.159,31.147,31.158,..
Urban population (% of total population),SP.URB.TOTL.IN.ZS,Belarus,BLR,77.661,78.134,78.595,79.044,..
Urban population (% of total population),SP.URB.TOTL.IN.ZS,Belgium,BEL,97.919,97.961,98.001,98.041,..
Urban population (% of total population),SP.URB.TOTL.IN.ZS,Belize,BLZ,45.495,45.601,45.724,45.866,..
Urban population (% of total population),SP.URB.TOTL.IN.ZS,Benin,BEN,46.229,46.768,47.312,47.861,..
Urban population (% of total population),SP.URB.TOTL.IN.ZS,Bermuda,BMU,100,100,100,100,..
Urban population (% of total population),SP.URB.TOTL.IN.ZS,Bhutan,BTN,39.428,40.167,40.895,41.612,..
Urban population (% of total population),SP.URB.TOTL.IN.ZS,Bolivia,BOL,68.738,69.08,69.425,69.773,..
Urban population (% of total population),SP.URB.TOTL.IN.ZS,Bosnia and Herzegovina,BIH,47.518,47.876,48.245,48.626,..
Urban population (% of total population),SP.URB.TOTL.IN.ZS,Botswana,BWA,67.933,68.7,69.446,70.172,..
Urban population (% of total population),SP.URB.TOTL.IN.ZS,Brazil,BRA,86.042,86.309,86.569,86.824,..
Urban population (% of total population),SP.URB.TOTL.IN.ZS,British Virgin Islands,VGB,46.957,47.337,47.723,48.116,..
Urban population (% of total population),SP.URB.TOTL.IN.ZS,Brunei Darussalam,BRN,76.99,77.312,77.629,77.942,..
Urban population (% of total population),SP.URB.TOTL.IN.ZS,Bulgaria,BGR,74.329,74.669,75.008,75.347,..
Urban population (% of total population),SP.URB.TOTL.IN.ZS,Burkina Faso,BFA,28.134,28.743,29.358,29.98,..
Urban population (% of total population),SP.URB.TOTL.IN.ZS,Burundi,BDI,12.388,12.706,13.032,13.366,..
Urban population (% of total population),SP.URB.TOTL.IN.ZS,Cabo Verde,CPV,64.784,65.261,65.732,66.195,..
Urban population (% of total population),SP.URB.TOTL.IN.ZS,Cambodia,KHM,22.582,22.98,23.388,23.805,..
Urban population (% of total population),SP.URB.TOTL.IN.ZS,Cameroon,CMR,55.179,55.777,56.374,56.968,..
Urban population (% of total population),SP.URB.TOTL.IN.ZS,Canada,CAN,81.3,81.35,81.411,81.482,..
Urban population (% of total population),SP.URB.TOTL.IN.ZS,Cayman Islands,CYM,100,100,100,100,..
Urban population (% of total population),SP.URB.TOTL.IN.ZS,Central African Republic,CAF,40.618,40.98,41.364,41.77,..
Urban population (% of total population),SP.URB.TOTL.IN.ZS,Chad,TCD,22.677,22.858,23.059,23.279,..
Urban population (% of total population),SP.URB.TOTL.IN.ZS,Channel Islands,CHI,30.93,30.914,30.914,30.931,..
Urban population (% of total population),SP.URB.TOTL.IN.ZS,Chile,CHL,87.422,87.49,87.564,87.643,..
Urban population (% of total population),SP.URB.TOTL.IN.ZS,China,CHN,56.736,57.96,59.152,60.308,..
Urban population (% of total population),SP.URB.TOTL.IN.ZS,Colombia,COL,80.108,80.446,80.778,81.104,..
Urban population (% of total population),SP.URB.TOTL.IN.ZS,Comoros,COM,28.619,28.784,28.965,29.164,..
Urban population (% of total population),SP.URB.TOTL.IN.ZS,"Congo, Dem. Rep.",COD,43.307,43.88,44.46,45.046,..
Urban population (% of total population),SP.URB.TOTL.IN.ZS,"Congo, Rep.",COG,66.001,66.459,66.916,67.373,..
Urban population (% of total population),SP.URB.TOTL.IN.ZS,Costa Rica,CRI,77.735,78.56,79.34,80.076,..
Urban population (% of total population),SP.URB.TOTL.IN.ZS,Cote d'Ivoire,CIV,49.881,50.326,50.779,51.239,..
Urban population (% of total population),SP.URB.TOTL.IN.ZS,Croatia,HRV,56.403,56.667,56.947,57.242,..
Urban population (% of total population),SP.URB.TOTL.IN.ZS,Cuba,CUB,76.93,76.977,77.037,77.109,..
Urban population (% of total population),SP.URB.TOTL.IN.ZS,Curacao,CUW,89.272,89.203,89.145,89.098,..
Urban population (% of total population),SP.URB.TOTL.IN.ZS,Cyprus,CYP,66.881,66.836,66.81,66.805,..
Urban population (% of total population),SP.URB.TOTL.IN.ZS,Czech Republic,CZE,73.57,73.675,73.792,73.921,..
Urban population (% of total population),SP.URB.TOTL.IN.ZS,Denmark,DNK,87.642,87.757,87.874,87.994,..
Urban population (% of total population),SP.URB.TOTL.IN.ZS,Djibouti,DJI,77.528,77.648,77.777,77.915,..
Urban population (% of total population),SP.URB.TOTL.IN.ZS,Dominica,DMA,69.88,70.181,70.483,70.786,..
Urban population (% of total population),SP.URB.TOTL.IN.ZS,Dominican Republic,DOM,79.436,80.277,81.074,81.828,..
Urban population (% of total population),SP.URB.TOTL.IN.ZS,Ecuador,ECU,63.534,63.67,63.821,63.986,..
Urban population (% of total population),SP.URB.TOTL.IN.ZS,"Egypt, Arab Rep.",EGY,42.732,42.705,42.704,42.73,..
Urban population (% of total population),SP.URB.TOTL.IN.ZS,El Salvador,SLV,70.501,71.275,72.023,72.746,..
Urban population (% of total population),SP.URB.TOTL.IN.ZS,Equatorial Guinea,GNQ,71.138,71.646,72.143,72.627,..
Urban population (% of total population),SP.URB.TOTL.IN.ZS,Eritrea,ERI,..,..,..,..,..
Urban population (% of total population),SP.URB.TOTL.IN.ZS,Estonia,EST,68.563,68.717,68.88,69.051,..
Urban population (% of total population),SP.URB.TOTL.IN.ZS,Eswatini,SWZ,23.459,23.625,23.799,23.981,..
Urban population (% of total population),SP.URB.TOTL.IN.ZS,Ethiopia,ETH,19.866,20.31,20.763,21.225,..
Urban population (% of total population),SP.URB.TOTL.IN.ZS,Faroe Islands,FRO,41.777,41.914,42.064,42.225,..
Urban population (% of total population),SP.URB.TOTL.IN.ZS,Fiji,FJI,55.235,55.742,56.248,56.75,..
Urban population (% of total population),SP.URB.TOTL.IN.ZS,Finland,FIN,85.275,85.325,85.382,85.446,..
Urban population (% of total population),SP.URB.TOTL.IN.ZS,France,FRA,79.917,80.18,80.444,80.709,..
Urban population (% of total population),SP.URB.TOTL.IN.ZS,French Polynesia,PYF,61.734,61.784,61.834,61.897,..
Urban population (% of total population),SP.URB.TOTL.IN.ZS,Gabon,GAB,88.559,88.976,89.37,89.741,..
Urban population (% of total population),SP.URB.TOTL.IN.ZS,"Gambia, The",GMB,59.918,60.599,61.27,61.931,..
Urban population (% of total population),SP.URB.TOTL.IN.ZS,Georgia,GEO,57.837,58.231,58.632,59.039,..
Urban population (% of total population),SP.URB.TOTL.IN.ZS,Germany,DEU,77.224,77.261,77.312,77.376,..
Urban population (% of total population),SP.URB.TOTL.IN.ZS,Ghana,GHA,54.749,55.407,56.06,56.707,..
Urban population (% of total population),SP.URB.TOTL.IN.ZS,Gibraltar,GIB,100,100,100,100,..
Urban population (% of total population),SP.URB.TOTL.IN.ZS,Greece,GRC,78.387,78.724,79.058,79.388,..
Urban population (% of total population),SP.URB.TOTL.IN.ZS,Greenland,GRL,86.326,86.574,86.816,87.052,..
Urban population (% of total population),SP.URB.TOTL.IN.ZS,Grenada,GRD,36.072,36.164,36.272,36.396,..
Urban population (% of total population),SP.URB.TOTL.IN.ZS,Guam,GUM,94.617,94.699,94.78,94.859,..
Urban population (% of total population),SP.URB.TOTL.IN.ZS,Guatemala,GTM,50.319,50.68,51.054,51.439,..
Urban population (% of total population),SP.URB.TOTL.IN.ZS,Guinea,GIN,35.46,35.793,36.14,36.5,..
Urban population (% of total population),SP.URB.TOTL.IN.ZS,Guinea-Bissau,GNB,42.533,42.945,43.36,43.777,..
Urban population (% of total population),SP.URB.TOTL.IN.ZS,Guyana,GUY,26.482,26.538,26.606,26.689,..
Urban population (% of total population),SP.URB.TOTL.IN.ZS,Haiti,HTI,53.396,54.346,55.278,56.192,..
Urban population (% of total population),SP.URB.TOTL.IN.ZS,Honduras,HND,55.813,56.457,57.096,57.73,..
Urban population (% of total population),SP.URB.TOTL.IN.ZS,"Hong Kong SAR, China",HKG,100,100,100,100,..
Urban population (% of total population),SP.URB.TOTL.IN.ZS,Hungary,HUN,70.779,71.062,71.351,71.644,..
Urban population (% of total population),SP.URB.TOTL.IN.ZS,Iceland,ISL,93.735,93.773,93.813,93.855,..
Urban population (% of total population),SP.URB.TOTL.IN.ZS,India,IND,33.182,33.6,34.03,34.472,..
Urban population (% of total population),SP.URB.TOTL.IN.ZS,Indonesia,IDN,53.989,54.659,55.325,55.985,..
Urban population (% of total population),SP.URB.TOTL.IN.ZS,"Iran, Islamic Rep.",IRN,73.88,74.394,74.898,75.391,..
Urban population (% of total population),SP.URB.TOTL.IN.ZS,Iraq,IRQ,70.094,70.278,70.473,70.678,..
Urban population (% of total population),SP.URB.TOTL.IN.ZS,Ireland,IRL,62.737,62.947,63.17,63.405,..
Urban population (% of total population),SP.URB.TOTL.IN.ZS,Isle of Man,IMN,52.343,52.458,52.588,52.735,..
Urban population (% of total population),SP.URB.TOTL.IN.ZS,Israel,ISR,92.256,92.336,92.418,92.501,..
Urban population (% of total population),SP.URB.TOTL.IN.ZS,Italy,ITA,69.855,70.144,70.438,70.736,..
Urban population (% of total population),SP.URB.TOTL.IN.ZS,Jamaica,JAM,55.098,55.378,55.674,55.985,..
Urban population (% of total population),SP.URB.TOTL.IN.ZS,Japan,JPN,91.457,91.535,91.616,91.698,..
Urban population (% of total population),SP.URB.TOTL.IN.ZS,Jordan,JOR,90.506,90.747,90.979,91.203,..
Urban population (% of total population),SP.URB.TOTL.IN.ZS,Kazakhstan,KAZ,57.264,57.336,57.428,57.54,..
Urban population (% of total population),SP.URB.TOTL.IN.ZS,Kenya,KEN,26.105,26.562,27.03,27.507,..
Urban population (% of total population),SP.URB.TOTL.IN.ZS,Kiribati,KIR,52.45,53.262,54.057,54.835,..
Urban population (% of total population),SP.URB.TOTL.IN.ZS,"Korea, Dem. People’s Rep.",PRK,61.471,61.678,61.899,62.134,..
Urban population (% of total population),SP.URB.TOTL.IN.ZS,"Korea, Rep.",KOR,81.562,81.503,81.459,81.43,..
Urban population (% of total population),SP.URB.TOTL.IN.ZS,Kosovo,XKX,..,..,..,..,..
Urban population (% of total population),SP.URB.TOTL.IN.ZS,Kuwait,KWT,100,100,100,100,..
Urban population (% of total population),SP.URB.TOTL.IN.ZS,Kyrgyz Republic,KGZ,35.944,36.135,36.351,36.591,..
Urban population (% of total population),SP.URB.TOTL.IN.ZS,Lao PDR,LAO,33.736,34.368,35.004,35.645,..
Urban population (% of total population),SP.URB.TOTL.IN.ZS,Latvia,LVA,68.021,68.075,68.142,68.222,..
Urban population (% of total population),SP.URB.TOTL.IN.ZS,Lebanon,LBN,88.266,88.429,88.593,88.758,..
Urban population (% of total population),SP.URB.TOTL.IN.ZS,Lesotho,LSO,27.317,27.73,28.153,28.585,..
Urban population (% of total population),SP.URB.TOTL.IN.ZS,Liberia,LBR,50.254,50.697,51.151,51.615,..
Urban population (% of total population),SP.URB.TOTL.IN.ZS,Libya,LBY,79.54,79.817,80.102,80.393,..
Urban population (% of total population),SP.URB.TOTL.IN.ZS,Liechtenstein,LIE,14.303,14.315,14.338,14.371,..
Urban population (% of total population),SP.URB.TOTL.IN.ZS,Lithuania,LTU,67.366,67.516,67.679,67.855,..
Urban population (% of total population),SP.URB.TOTL.IN.ZS,Luxembourg,LUX,90.46,90.727,90.981,91.223,..
Urban population (% of total population),SP.URB.TOTL.IN.ZS,"Macao SAR, China",MAC,100,100,100,100,..
Urban population (% of total population),SP.URB.TOTL.IN.ZS,Madagascar,MDG,35.856,36.522,37.191,37.861,..
Urban population (% of total population),SP.URB.TOTL.IN.ZS,Malawi,MWI,16.506,16.714,16.937,17.174,..
Urban population (% of total population),SP.URB.TOTL.IN.ZS,Malaysia,MYS,74.84,75.447,76.036,76.607,..
Urban population (% of total population),SP.URB.TOTL.IN.ZS,Maldives,MDV,38.954,39.38,39.808,40.238,..
Urban population (% of total population),SP.URB.TOTL.IN.ZS,Mali,MLI,40.783,41.572,42.356,43.136,..
Urban population (% of total population),SP.URB.TOTL.IN.ZS,Malta,MLT,94.48,94.546,94.612,94.678,..
Urban population (% of total population),SP.URB.TOTL.IN.ZS,Marshall Islands,MHL,76.228,76.634,77.031,77.417,..
Urban population (% of total population),SP.URB.TOTL.IN.ZS,Mauritania,MRT,51.962,52.824,53.672,54.507,..
Urban population (% of total population),SP.URB.TOTL.IN.ZS,Mauritius,MUS,40.91,40.841,40.793,40.766,..
Urban population (% of total population),SP.URB.TOTL.IN.ZS,Mexico,MEX,79.577,79.867,80.156,80.444,..
Urban population (% of total population),SP.URB.TOTL.IN.ZS,"Micronesia, Fed. Sts.",FSM,22.526,22.608,22.703,22.812,..
Urban population (% of total population),SP.URB.TOTL.IN.ZS,Moldova,MDA,42.511,42.557,42.629,42.726,..
Urban population (% of total population),SP.URB.TOTL.IN.ZS,Monaco,MCO,100,100,100,100,..
Urban population (% of total population),SP.URB.TOTL.IN.ZS,Mongolia,MNG,68.297,68.363,68.445,68.543,..
Urban population (% of total population),SP.URB.TOTL.IN.ZS,Montenegro,MNE,66.141,66.477,66.813,67.15,..
Urban population (% of total population),SP.URB.TOTL.IN.ZS,Morocco,MAR,61.36,61.908,62.453,62.994,..
Urban population (% of total population),SP.URB.TOTL.IN.ZS,Mozambique,MOZ,34.926,35.455,35.988,36.528,..
Urban population (% of total population),SP.URB.TOTL.IN.ZS,Myanmar,MMR,30.082,30.322,30.579,30.852,..
Urban population (% of total population),SP.URB.TOTL.IN.ZS,Namibia,NAM,47.961,49.005,50.032,51.042,..
Urban population (% of total population),SP.URB.TOTL.IN.ZS,Nauru,NRU,100,100,100,100,..
Urban population (% of total population),SP.URB.TOTL.IN.ZS,Nepal,NPL,18.942,19.336,19.74,20.153,..
Urban population (% of total population),SP.URB.TOTL.IN.ZS,Netherlands,NLD,90.635,91.077,91.49,91.876,..
Urban population (% of total population),SP.URB.TOTL.IN.ZS,New Caledonia,NCL,69.821,70.256,70.683,71.104,..
Urban population (% of total population),SP.URB.TOTL.IN.ZS,New Zealand,NZL,86.4,86.466,86.538,86.615,..
Urban population (% of total population),SP.URB.TOTL.IN.ZS,Nicaragua,NIC,58.09,58.299,58.522,58.76,..
Urban population (% of total population),SP.URB.TOTL.IN.ZS,Niger,NER,16.29,16.35,16.425,16.517,..
Urban population (% of total population),SP.URB.TOTL.IN.ZS,Nigeria,NGA,48.683,49.519,50.344,51.157,..
Urban population (% of total population),SP.URB.TOTL.IN.ZS,North Macedonia,MKD,57.563,57.748,57.963,58.208,..
Urban population (% of total population),SP.URB.TOTL.IN.ZS,Northern Mariana Islands,MNP,91.443,91.53,91.618,91.708,..
Urban population (% of total population),SP.URB.TOTL.IN.ZS,Norway,NOR,81.485,81.871,82.248,82.616,..
Urban population (% of total population),SP.URB.TOTL.IN.ZS,Oman,OMN,82.5,83.56,84.539,85.443,..
Urban population (% of total population),SP.URB.TOTL.IN.ZS,Pakistan,PAK,36.234,36.442,36.666,36.907,..
Urban population (% of total population),SP.URB.TOTL.IN.ZS,Palau,PLW,78.775,79.365,79.93,80.47,..
Urban population (% of total population),SP.URB.TOTL.IN.ZS,Panama,PAN,67.027,67.365,67.709,68.059,..
Urban population (% of total population),SP.URB.TOTL.IN.ZS,Papua New Guinea,PNG,13.05,13.102,13.169,13.25,..
Urban population (% of total population),SP.URB.TOTL.IN.ZS,Paraguay,PRY,61.026,61.3,61.585,61.879,..
Urban population (% of total population),SP.URB.TOTL.IN.ZS,Peru,PER,77.539,77.72,77.907,78.099,..
Urban population (% of total population),SP.URB.TOTL.IN.ZS,Philippines,PHL,46.475,46.682,46.907,47.149,..
Urban population (% of total population),SP.URB.TOTL.IN.ZS,Poland,POL,60.178,60.105,60.058,60.037,..
Urban population (% of total population),SP.URB.TOTL.IN.ZS,Portugal,PRT,64.086,64.652,65.211,65.764,..
Urban population (% of total population),SP.URB.TOTL.IN.ZS,Puerto Rico,PRI,93.602,93.587,93.578,93.576,..
Urban population (% of total population),SP.URB.TOTL.IN.ZS,Qatar,QAT,99.015,99.078,99.135,99.188,..
Urban population (% of total population),SP.URB.TOTL.IN.ZS,Romania,ROU,53.9,53.936,53.998,54.084,..
Urban population (% of total population),SP.URB.TOTL.IN.ZS,Russian Federation,RUS,74.164,74.292,74.433,74.587,..
Urban population (% of total population),SP.URB.TOTL.IN.ZS,Rwanda,RWA,17.056,17.125,17.211,17.313,..
Urban population (% of total population),SP.URB.TOTL.IN.ZS,Samoa,WSM,18.681,18.452,18.243,18.056,..
Urban population (% of total population),SP.URB.TOTL.IN.ZS,San Marino,SMR,96.91,97.072,97.226,97.368,..
Urban population (% of total population),SP.URB.TOTL.IN.ZS,Sao Tome and Principe,STP,71.092,71.968,72.803,73.598,..
Urban population (% of total population),SP.URB.TOTL.IN.ZS,Saudi Arabia,SAU,83.401,83.622,83.844,84.065,..
Urban population (% of total population),SP.URB.TOTL.IN.ZS,Senegal,SEN,46.296,46.74,47.192,47.653,..
Urban population (% of total population),SP.URB.TOTL.IN.ZS,Serbia,SRB,55.81,55.942,56.092,56.26,..
Urban population (% of total population),SP.URB.TOTL.IN.ZS,Seychelles,SYC,55.831,56.261,56.691,57.119,..
Urban population (% of total population),SP.URB.TOTL.IN.ZS,Sierra Leone,SLE,41.228,41.636,42.055,42.484,..
Urban population (% of total population),SP.URB.TOTL.IN.ZS,Singapore,SGP,100,100,100,100,..
Urban population (% of total population),SP.URB.TOTL.IN.ZS,Sint Maarten (Dutch part),SXM,100,100,100,100,..
Urban population (% of total population),SP.URB.TOTL.IN.ZS,Slovak Republic,SVK,53.806,53.751,53.726,53.729,..
Urban population (% of total population),SP.URB.TOTL.IN.ZS,Slovenia,SVN,54.02,54.273,54.541,54.822,..
Urban population (% of total population),SP.URB.TOTL.IN.ZS,Solomon Islands,SLB,22.823,23.286,23.749,24.21,..
Urban population (% of total population),SP.URB.TOTL.IN.ZS,Somalia,SOM,43.816,44.391,44.971,45.554,..
Urban population (% of total population),SP.URB.TOTL.IN.ZS,South Africa,ZAF,65.341,65.85,66.355,66.856,..
Urban population (% of total population),SP.URB.TOTL.IN.ZS,South Sudan,SSD,19.092,19.346,19.615,19.899,..
Urban population (% of total population),SP.URB.TOTL.IN.ZS,Spain,ESP,79.84,80.08,80.321,80.565,..
Urban population (% of total population),SP.URB.TOTL.IN.ZS,Sri Lanka,LKA,18.311,18.384,18.476,18.585,..
Urban population (% of total population),SP.URB.TOTL.IN.ZS,St. Kitts and Nevis,KNA,30.79,30.773,30.776,30.799,..
Urban population (% of total population),SP.URB.TOTL.IN.ZS,St. Lucia,LCA,18.558,18.612,18.678,18.754,..
Urban population (% of total population),SP.URB.TOTL.IN.ZS,St. Martin (French part),MAF,..,..,..,..,..
Urban population (% of total population),SP.URB.TOTL.IN.ZS,St. Vincent and the Grenadines,VCT,51.373,51.784,52.198,52.614,..
Urban population (% of total population),SP.URB.TOTL.IN.ZS,Sudan,SDN,34.121,34.37,34.642,34.936,..
Urban population (% of total population),SP.URB.TOTL.IN.ZS,Suriname,SUR,66.04,66.041,66.06,66.095,..
Urban population (% of total population),SP.URB.TOTL.IN.ZS,Sweden,SWE,86.852,87.146,87.431,87.708,..
Urban population (% of total population),SP.URB.TOTL.IN.ZS,Switzerland,CHE,73.739,73.761,73.797,73.849,..
Urban population (% of total population),SP.URB.TOTL.IN.ZS,Syrian Arab Republic,SYR,52.835,53.5,54.162,54.821,..
Urban population (% of total population),SP.URB.TOTL.IN.ZS,Tajikistan,TJK,26.851,26.982,27.134,27.309,..
Urban population (% of total population),SP.URB.TOTL.IN.ZS,Tanzania,TZA,32.333,33.053,33.776,34.5,..
Urban population (% of total population),SP.URB.TOTL.IN.ZS,Thailand,THA,48.448,49.2,49.949,50.692,..
Urban population (% of total population),SP.URB.TOTL.IN.ZS,Timor-Leste,TLS,29.85,30.212,30.578,30.947,..
Urban population (% of total population),SP.URB.TOTL.IN.ZS,Togo,TGO,40.628,41.162,41.702,42.248,..
Urban population (% of total population),SP.URB.TOTL.IN.ZS,Tonga,TON,23.222,23.169,23.131,23.107,..
Urban population (% of total population),SP.URB.TOTL.IN.ZS,Trinidad and Tobago,TTO,53.25,53.205,53.184,53.187,..
Urban population (% of total population),SP.URB.TOTL.IN.ZS,Tunisia,TUN,68.346,68.642,68.945,69.254,..
Urban population (% of total population),SP.URB.TOTL.IN.ZS,Turkey,TUR,74.134,74.644,75.143,75.63,..
Urban population (% of total population),SP.URB.TOTL.IN.ZS,Turkmenistan,TKM,50.728,51.153,51.593,52.048,..
Urban population (% of total population),SP.URB.TOTL.IN.ZS,Turks and Caicos Islands,TCA,92.517,92.817,93.098,93.36,..
Urban population (% of total population),SP.URB.TOTL.IN.ZS,Tuvalu,TUV,60.645,61.53,62.387,63.215,..
Urban population (% of total population),SP.URB.TOTL.IN.ZS,Uganda,UGA,22.624,23.196,23.774,24.361,..
Urban population (% of total population),SP.URB.TOTL.IN.ZS,Ukraine,UKR,69.154,69.246,69.352,69.473,..
Urban population (% of total population),SP.URB.TOTL.IN.ZS,United Arab Emirates,ARE,85.965,86.248,86.522,86.789,..
Urban population (% of total population),SP.URB.TOTL.IN.ZS,United Kingdom,GBR,82.886,83.143,83.398,83.652,..
Urban population (% of total population),SP.URB.TOTL.IN.ZS,United States,USA,81.862,82.058,82.256,82.459,..
Urban population (% of total population),SP.URB.TOTL.IN.ZS,Uruguay,URY,95.144,95.24,95.334,95.426,..
Urban population (% of total population),SP.URB.TOTL.IN.ZS,Uzbekistan,UZB,50.65,50.55,50.478,50.433,..
Urban population (% of total population),SP.URB.TOTL.IN.ZS,Vanuatu,VUT,25.062,25.163,25.274,25.394,..
Urban population (% of total population),SP.URB.TOTL.IN.ZS,"Venezuela, RB",VEN,88.165,88.183,88.208,88.24,..
Urban population (% of total population),SP.URB.TOTL.IN.ZS,Vietnam,VNM,34.51,35.213,35.919,36.628,..
Urban population (% of total population),SP.URB.TOTL.IN.ZS,Virgin Islands (U.S.),VIR,95.48,95.603,95.721,95.832,..
Urban population (% of total population),SP.URB.TOTL.IN.ZS,West Bank and Gaza,PSE,75.628,75.894,76.164,76.44,..
Urban population (% of total population),SP.URB.TOTL.IN.ZS,"Yemen, Rep.",YEM,35.394,36.016,36.642,37.273,..
Urban population (% of total population),SP.URB.TOTL.IN.ZS,Zambia,ZMB,42.438,42.976,43.521,44.072,..
Urban population (% of total population),SP.URB.TOTL.IN.ZS,Zimbabwe,ZWE,32.296,32.237,32.209,32.21,..
"Population, total",SP.POP.TOTL,Afghanistan,AFG,35383128,36296400,37172386,38041754,..
"Population, total",SP.POP.TOTL,Albania,ALB,2876101,2873457,2866376,2854191,..
"Population, total",SP.POP.TOTL,Algeria,DZA,40551404,41389198,42228429,43053054,..
"Population, total",SP.POP.TOTL,American Samoa,ASM,55741,55620,55465,55312,..
"Population, total",SP.POP.TOTL,Andorra,AND,77297,77001,77006,77142,..
"Population, total",SP.POP.TOTL,Angola,AGO,28842484,29816748,30809762,31825295,..
"Population, total",SP.POP.TOTL,Antigua and Barbuda,ATG,94527,95426,96286,97118,..
"Population, total",SP.POP.TOTL,Argentina,ARG,43590368,44044811,44494502,44938712,..
"Population, total",SP.POP.TOTL,Armenia,ARM,2936146,2944809,2951776,2957731,..
"Population, total",SP.POP.TOTL,Aruba,ABW,104872,105366,105845,106314,..
"Population, total",SP.POP.TOTL,Australia,AUS,24190907,24601860,24982688,25364307,..
"Population, total",SP.POP.TOTL,Austria,AUT,8736668,8797566,8840521,8877067,..
"Population, total",SP.POP.TOTL,Azerbaijan,AZE,9757812,9854033,9939771,10023318,..
"Population, total",SP.POP.TOTL,"Bahamas, The",BHS,377931,381761,385640,389482,..
"Population, total",SP.POP.TOTL,Bahrain,BHR,1425791,1494074,1569439,1641172,..
"Population, total",SP.POP.TOTL,Bangladesh,BGD,157970840,159670593,161356039,163046161,..
"Population, total",SP.POP.TOTL,Barbados,BRB,285796,286233,286641,287025,..
"Population, total",SP.POP.TOTL,Belarus,BLR,9501534,9498264,9483499,9466856,..
"Population, total",SP.POP.TOTL,Belgium,BEL,11331422,11375158,11427054,11484055,..
"Population, total",SP.POP.TOTL,Belize,BLZ,368400,375769,383071,390353,..
"Population, total",SP.POP.TOTL,Benin,BEN,10872067,11175204,11485048,11801151,..
"Population, total",SP.POP.TOTL,Bermuda,BMU,64554,63873,63920,63918,..
"Population, total",SP.POP.TOTL,Bhutan,BTN,736709,745568,754394,763092,..
"Population, total",SP.POP.TOTL,Bolivia,BOL,11031813,11192854,11353142,11513100,..
"Population, total",SP.POP.TOTL,Bosnia and Herzegovina,BIH,3386267,3351527,3323929,3301000,..
"Population, total",SP.POP.TOTL,Botswana,BWA,2159944,2205128,2254126,2303697,..
"Population, total",SP.POP.TOTL,Brazil,BRA,206163058,207833831,209469333,211049527,..
"Population, total",SP.POP.TOTL,British Virgin Islands,VGB,29355,29577,29802,30030,..
"Population, total",SP.POP.TOTL,Brunei Darussalam,BRN,419800,424473,428962,433285,..
"Population, total",SP.POP.TOTL,Bulgaria,BGR,7127822,7075947,7025037,6975761,..
"Population, total",SP.POP.TOTL,Burkina Faso,BFA,18646378,19193284,19751535,20321378,..
"Population, total",SP.POP.TOTL,Burundi,BDI,10487998,10827024,11175378,11530580,..
"Population, total",SP.POP.TOTL,Cabo Verde,CPV,531146,537497,543767,549935,..
"Population, total",SP.POP.TOTL,Cambodia,KHM,15766293,16009414,16249798,16486542,..
"Population, total",SP.POP.TOTL,Cameroon,CMR,23926539,24566045,25216237,25876380,..
"Population, total",SP.POP.TOTL,Canada,CAN,36109487,36543321,37057765,37589262,..
"Population, total",SP.POP.TOTL,Cayman Islands,CYM,62569,63382,64174,64948,..
"Population, total",SP.POP.TOTL,Central African Republic,CAF,4537687,4596028,4666377,4745185,..
"Population, total",SP.POP.TOTL,Chad,TCD,14561666,15016773,15477751,15946876,..
"Population, total",SP.POP.TOTL,Channel Islands,CHI,166923,168665,170499,172259,..
"Population, total",SP.POP.TOTL,Chile,CHL,18209068,18470439,18729160,18952038,..
"Population, total",SP.POP.TOTL,China,CHN,1378665000,1386395000,1392730000,1397715000,..
"Population, total",SP.POP.TOTL,Colombia,COL,48171392,48901066,49648685,50339443,..
"Population, total",SP.POP.TOTL,Comoros,COM,795592,813892,832322,850886,..
"Population, total",SP.POP.TOTL,"Congo, Dem. Rep.",COD,78789127,81398764,84068091,86790567,..
"Population, total",SP.POP.TOTL,"Congo, Rep.",COG,4980999,5110702,5244363,5380508,..
"Population, total",SP.POP.TOTL,Costa Rica,CRI,4899345,4949954,4999441,5047561,..
"Population, total",SP.POP.TOTL,Cote d'Ivoire,CIV,23822714,24437469,25069229,25716544,..
"Population, total",SP.POP.TOTL,Croatia,HRV,4174349,4124531,4087843,4067500,..
"Population, total",SP.POP.TOTL,Cuba,CUB,11335109,11339259,11338138,11333483,..
"Population, total",SP.POP.TOTL,Curacao,CUW,159664,160175,159800,157538,..
"Population, total",SP.POP.TOTL,Cyprus,CYP,1170187,1179680,1189265,1198575,..
"Population, total",SP.POP.TOTL,Czech Republic,CZE,10566332,10594438,10629928,10669709,..
"Population, total",SP.POP.TOTL,Denmark,DNK,5728010,5764980,5793636,5818553,..
"Population, total",SP.POP.TOTL,Djibouti,DJI,929112,944097,958920,973560,..
"Population, total",SP.POP.TOTL,Dominica,DMA,71307,71458,71625,71808,..
"Population, total",SP.POP.TOTL,Dominican Republic,DOM,10397743,10513131,10627165,10738958,..
"Population, total",SP.POP.TOTL,Ecuador,ECU,16491115,16785361,17084357,17373662,..
"Population, total",SP.POP.TOTL,"Egypt, Arab Rep.",EGY,94447072,96442593,98423595,100388073,..
"Population, total",SP.POP.TOTL,El Salvador,SLV,6356143,6388122,6420744,6453553,..
"Population, total",SP.POP.TOTL,Equatorial Guinea,GNQ,1215179,1262001,1308974,1355986,..
"Population, total",SP.POP.TOTL,Eritrea,ERI,..,..,..,..,..
"Population, total",SP.POP.TOTL,Estonia,EST,1315790,1317384,1321977,1326590,..
"Population, total",SP.POP.TOTL,Eswatini,SWZ,1113984,1124753,1136191,1148130,..
"Population, total",SP.POP.TOTL,Ethiopia,ETH,103603501,106400024,109224559,112078730,..
"Population, total",SP.POP.TOTL,Faroe Islands,FRO,48173,48331,48497,48678,..
"Population, total",SP.POP.TOTL,Fiji,FJI,872399,877459,883483,889953,..
"Population, total",SP.POP.TOTL,Finland,FIN,5495303,5508214,5515525,5520314,..
"Population, total",SP.POP.TOTL,France,FRA,66724104,66864379,66965912,67059887,..
"Population, total",SP.POP.TOTL,French Polynesia,PYF,274575,276103,277679,279287,..
"Population, total",SP.POP.TOTL,Gabon,GAB,2007873,2064823,2119275,2172579,..
"Population, total",SP.POP.TOTL,"Gambia, The",GMB,2149139,2213894,2280102,2347706,..
"Population, total",SP.POP.TOTL,Georgia,GEO,3727505,3728004,3726549,3720382,..
"Population, total",SP.POP.TOTL,Germany,DEU,82348669,82657002,82905782,83132799,..
"Population, total",SP.POP.TOTL,Ghana,GHA,28481946,29121471,29767108,30417856,..
"Population, total",SP.POP.TOTL,Gibraltar,GIB,33737,33728,33718,33701,..
"Population, total",SP.POP.TOTL,Greece,GRC,10775971,10754679,10732882,10716322,..
"Population, total",SP.POP.TOTL,Greenland,GRL,56186,56172,56023,56225,..
"Population, total",SP.POP.TOTL,Grenada,GRD,110261,110874,111454,112003,..
"Population, total",SP.POP.TOTL,Guam,GUM,162951,164281,165768,167294,..
"Population, total",SP.POP.TOTL,Guatemala,GTM,15827690,16087418,16346950,16604026,..
"Population, total",SP.POP.TOTL,Guinea,GIN,11738441,12067539,12414318,12771246,..
"Population, total",SP.POP.TOTL,Guinea-Bissau,GNB,1782437,1828146,1874309,1920922,..
"Population, total",SP.POP.TOTL,Guyana,GUY,771366,775221,779004,782766,..
"Population, total",SP.POP.TOTL,Haiti,HTI,10839970,10982366,11123176,11263077,..
"Population, total",SP.POP.TOTL,Honduras,HND,9270795,9429013,9587522,9746117,..
"Population, total",SP.POP.TOTL,"Hong Kong SAR, China",HKG,7336600,7391700,7451000,7507400,..
"Population, total",SP.POP.TOTL,Hungary,HUN,9814023,9787966,9775564,9769949,..
"Population, total",SP.POP.TOTL,Iceland,ISL,335439,343400,352721,361313,..
"Population, total",SP.POP.TOTL,India,IND,1324509589,1338658835,1352617328,1366417754,..
"Population, total",SP.POP.TOTL,Indonesia,IDN,261554226,264645886,267663435,270625568,..
"Population, total",SP.POP.TOTL,"Iran, Islamic Rep.",IRN,79564016,80673951,81800269,82913906,..
"Population, total",SP.POP.TOTL,Iraq,IRQ,36610632,37552781,38433600,39309783,..
"Population, total",SP.POP.TOTL,Ireland,IRL,4755335,4807388,4867316,4941444,..
"Population, total",SP.POP.TOTL,Isle of Man,IMN,83287,83598,84077,84584,..
"Population, total",SP.POP.TOTL,Israel,ISR,8546000,8713300,8882800,9053300,..
"Population, total",SP.POP.TOTL,Italy,ITA,60627498,60536709,60421760,60297396,..
"Population, total",SP.POP.TOTL,Jamaica,JAM,2906238,2920853,2934855,2948279,..
"Population, total",SP.POP.TOTL,Japan,JPN,126994511,126785797,126529100,126264931,..
"Population, total",SP.POP.TOTL,Jordan,JOR,9551467,9779173,9956011,10101694,..
"Population, total",SP.POP.TOTL,Kazakhstan,KAZ,17794055,18037776,18276498.5,18513930,..
"Population, total",SP.POP.TOTL,Kenya,KEN,49051686,50221473,51393010,52573973,..
"Population, total",SP.POP.TOTL,Kiribati,KIR,112524,114158,115847,117606,..
"Population, total",SP.POP.TOTL,"Korea, Dem. People’s Rep.",PRK,25307744,25429985,25549819,25666161,..
"Population, total",SP.POP.TOTL,"Korea, Rep.",KOR,51217803,51361911,51606633,51709098,..
"Population, total",SP.POP.TOTL,Kosovo,XKX,1777557,1791003,1797085,1794248,..
"Population, total",SP.POP.TOTL,Kuwait,KWT,3956875,4056099,4137312,4207083,..
"Population, total",SP.POP.TOTL,Kyrgyz Republic,KGZ,6079500,6198200,6322800,6456900,..
"Population, total",SP.POP.TOTL,Lao PDR,LAO,6845846,6953035,7061507,7169455,..
"Population, total",SP.POP.TOTL,Latvia,LVA,1959537,1942248,1927174,1912789,..
"Population, total",SP.POP.TOTL,Lebanon,LBN,6711121,6811873,6848925,6855713,..
"Population, total",SP.POP.TOTL,Lesotho,LSO,2075001,2091412,2108132,2125268,..
"Population, total",SP.POP.TOTL,Liberia,LBR,4586788,4702228,4818977,4937374,..
"Population, total",SP.POP.TOTL,Libya,LBY,6492164,6580724,6678567,6777452,..
"Population, total",SP.POP.TOTL,Liechtenstein,LIE,37658,37800,37910,38019,..
"Population, total",SP.POP.TOTL,Lithuania,LTU,2868231,2828403,2801543,2786844,..
"Population, total",SP.POP.TOTL,Luxembourg,LUX,582014,596336,607950,619896,..
"Population, total",SP.POP.TOTL,"Macao SAR, China",MAC,612836,622585,631636,640445,..
"Population, total",SP.POP.TOTL,Madagascar,MDG,24894380,25570540,26262368,26969307,..
"Population, total",SP.POP.TOTL,Malawi,MWI,17205289,17670260,18143315,18628747,..
"Population, total",SP.POP.TOTL,Malaysia,MYS,30684804,31105028,31528585,31949777,..
"Population, total",SP.POP.TOTL,Maldives,MDV,475513,496402,515696,530953,..
"Population, total",SP.POP.TOTL,Mali,MLI,17965429,18512394,19077690,19658031,..
"Population, total",SP.POP.TOTL,Malta,MLT,455356,467999,484630,502653,..
"Population, total",SP.POP.TOTL,Marshall Islands,MHL,57735,58058,58413,58791,..
"Population, total",SP.POP.TOTL,Mauritania,MRT,4163534,4282574,4403319,4525696,..
"Population, total",SP.POP.TOTL,Mauritius,MUS,1263473,1264613,1265303,1265711,..
"Population, total",SP.POP.TOTL,Mexico,MEX,123333376,124777324,126190788,127575529,..
"Population, total",SP.POP.TOTL,"Micronesia, Fed. Sts.",FSM,110215,111459,112640,113815,..
"Population, total",SP.POP.TOTL,Moldova,MDA,2802170,2755158,2706049,2657637,..
"Population, total",SP.POP.TOTL,Monaco,MCO,38070,38392,38682,38964,..
"Population, total",SP.POP.TOTL,Mongolia,MNG,3056359,3113779,3170208,3225167,..
"Population, total",SP.POP.TOTL,Montenegro,MNE,622303,622373,622227,622137,..
"Population, total",SP.POP.TOTL,Morocco,MAR,35126296,35581294,36029138,36471769,..
"Population, total",SP.POP.TOTL,Mozambique,MOZ,27829942,28649007,29495962,30366036,..
"Population, total",SP.POP.TOTL,Myanmar,MMR,53045226,53382581,53708395,54045420,..
"Population, total",SP.POP.TOTL,Namibia,NAM,2358041,2402603,2448255,2494530,..
"Population, total",SP.POP.TOTL,Nauru,NRU,13049,12876,12704,12581,..
"Population, total",SP.POP.TOTL,Nepal,NPL,27261131,27627124,28087871,28608710,..
"Population, total",SP.POP.TOTL,Netherlands,NLD,17030314,17131296,17231624,17332850,..
"Population, total",SP.POP.TOTL,New Caledonia,NCL,276550,280350,284060,287800,..
"Population, total",SP.POP.TOTL,New Zealand,NZL,4693200,4793900,4841000,4917000,..
"Population, total",SP.POP.TOTL,Nicaragua,NIC,6303974,6384855,6465513,6545502,..
"Population, total",SP.POP.TOTL,Niger,NER,20788838,21602472,22442948,23310715,..
"Population, total",SP.POP.TOTL,Nigeria,NGA,185960289,190873311,195874740,200963599,..
"Population, total",SP.POP.TOTL,North Macedonia,MKD,2080745,2081996,2082958,2083459,..
"Population, total",SP.POP.TOTL,Northern Mariana Islands,MNP,56188,56562,56882,57216,..
"Population, total",SP.POP.TOTL,Norway,NOR,5234519,5276968,5311916,5347896,..
"Population, total",SP.POP.TOTL,Oman,OMN,4479219,4665935,4829483,4974986,..
"Population, total",SP.POP.TOTL,Pakistan,PAK,203627284,207896686,212215030,216565318,..
"Population, total",SP.POP.TOTL,Palau,PLW,17725,17808,17907,18008,..
"Population, total",SP.POP.TOTL,Panama,PAN,4037078,4106771,4176873,4246439,..
"Population, total",SP.POP.TOTL,Papua New Guinea,PNG,8271760,8438029,8606316,8776109,..
"Population, total",SP.POP.TOTL,Paraguay,PRY,6777872,6867062,6956071,7044636,..
"Population, total",SP.POP.TOTL,Peru,PER,30926032,31444297,31989256,32510453,..
"Population, total",SP.POP.TOTL,Philippines,PHL,103663927,105173264,106651922,108116615,..
"Population, total",SP.POP.TOTL,Poland,POL,37970087,37974826,37974750,37970874,..
"Population, total",SP.POP.TOTL,Portugal,PRT,10325452,10300300,10283822,10269417,..
"Population, total",SP.POP.TOTL,Puerto Rico,PRI,3406672,3325286,3193354,3193694,..
"Population, total",SP.POP.TOTL,Qatar,QAT,2654374,2724724,2781677,2832067,..
"Population, total",SP.POP.TOTL,Romania,ROU,19702267,19587290,19472545,19356544,..
"Population, total",SP.POP.TOTL,Russian Federation,RUS,144342396,144496740,144477860,144373535,..
"Population, total",SP.POP.TOTL,Rwanda,RWA,11668818,11980937,12301939,12626950,..
"Population, total",SP.POP.TOTL,Samoa,WSM,194535,195352,196130,197097,..
"Population, total",SP.POP.TOTL,San Marino,SMR,33504,33671,33785,33860,..
"Population, total",SP.POP.TOTL,Sao Tome and Principe,STP,203227,207089,211028,215056,..
"Population, total",SP.POP.TOTL,Saudi Arabia,SAU,32442572,33099147,33699947,34268528,..
"Population, total",SP.POP.TOTL,Senegal,SEN,14993528,15419381,15854360,16296364,..
"Population, total",SP.POP.TOTL,Serbia,SRB,7058322,7020858,6982604,6944975,..
"Population, total",SP.POP.TOTL,Seychelles,SYC,94677,95843,96762,97625,..
"Population, total",SP.POP.TOTL,Sierra Leone,SLE,7328838,7488431,7650154,7813215,..
"Population, total",SP.POP.TOTL,Singapore,SGP,5607283,5612253,5638676,5703569,..
"Population, total",SP.POP.TOTL,Sint Maarten (Dutch part),SXM,39969,40574,40654,40733,..
"Population, total",SP.POP.TOTL,Slovak Republic,SVK,5430798,5439232,5446771,5454073,..
"Population, total",SP.POP.TOTL,Slovenia,SVN,2065042,2066388,2073894,2087946,..
"Population, total",SP.POP.TOTL,Solomon Islands,SLB,619437,636038,652858,669823,..
"Population, total",SP.POP.TOTL,Somalia,SOM,14185613,14589119,15008154,15442905,..
"Population, total",SP.POP.TOTL,South Africa,ZAF,56203654,57000451,57779622,58558270,..
"Population, total",SP.POP.TOTL,South Sudan,SSD,10832512,10910759,10975920,11062113,..
"Population, total",SP.POP.TOTL,Spain,ESP,46484062,46593236,46797754,47076781,..
"Population, total",SP.POP.TOTL,Sri Lanka,LKA,21203000,21444000,21670000,21803000,..
"Population, total",SP.POP.TOTL,St. Kitts and Nevis,KNA,51625,52045,52441,52823,..
"Population, total",SP.POP.TOTL,St. Lucia,LCA,180024,180955,181889,182790,..
"Population, total",SP.POP.TOTL,St. Martin (French part),MAF,36065,36560,37264,38002,..
"Population, total",SP.POP.TOTL,St. Vincent and the Grenadines,VCT,109459,109827,110210,110589,..
"Population, total",SP.POP.TOTL,Sudan,SDN,39847440,40813396,41801533,42813238,..
"Population, total",SP.POP.TOTL,Suriname,SUR,564888,570496,575991,581372,..
"Population, total",SP.POP.TOTL,Sweden,SWE,9923085,10057698,10175214,10285453,..
"Population, total",SP.POP.TOTL,Switzerland,CHE,8373338,8451840,8514329,8574832,..
"Population, total",SP.POP.TOTL,Syrian Arab Republic,SYR,17453933,17068002,16906283,17070135,..
"Population, total",SP.POP.TOTL,Tajikistan,TJK,8663579,8880268,9100837,9321018,..
"Population, total",SP.POP.TOTL,Tanzania,TZA,53050790,54663906,56318348,58005463,..
"Population, total",SP.POP.TOTL,Thailand,THA,68971331,69209858,69428524,69625582,..
"Population, total",SP.POP.TOTL,Timor-Leste,TLS,1219288,1243261,1267972,1293119,..
"Population, total",SP.POP.TOTL,Togo,TGO,7509952,7698475,7889094,8082366,..
"Population, total",SP.POP.TOTL,Tonga,TON,101133,101998,103197,104494,..
"Population, total",SP.POP.TOTL,Trinidad and Tobago,TTO,1377564,1384072,1389858,1394973,..
"Population, total",SP.POP.TOTL,Tunisia,TUN,11303946,11433443,11565204,11694719,..
"Population, total",SP.POP.TOTL,Turkey,TUR,79821724,81101892,82319724,83429615,..
"Population, total",SP.POP.TOTL,Turkmenistan,TKM,5662372,5757669,5850908,5942089,..
"Population, total",SP.POP.TOTL,Turks and Caicos Islands,TCA,36559,37115,37665,38191,..
"Population, total",SP.POP.TOTL,Tuvalu,TUV,11225,11370,11508,11646,..
"Population, total",SP.POP.TOTL,Uganda,UGA,39647506,41162465,42723139,44269594,..
"Population, total",SP.POP.TOTL,Ukraine,UKR,45004674,44831135,44622518,44385155,..
"Population, total",SP.POP.TOTL,United Arab Emirates,ARE,9360980,9487203,9630959,9770529,..
"Population, total",SP.POP.TOTL,United Kingdom,GBR,65611593,66058859,66460344,66834405,..
"Population, total",SP.POP.TOTL,United States,USA,322941311,324985539,326687501,328239523,..
"Population, total",SP.POP.TOTL,Uruguay,URY,3424132,3436646,3449299,3461734,..
"Population, total",SP.POP.TOTL,Uzbekistan,UZB,31847900,32388600,32956100,33580650,..
"Population, total",SP.POP.TOTL,Vanuatu,VUT,278330,285510,292680,299882,..
"Population, total",SP.POP.TOTL,"Venezuela, RB",VEN,29846179,29390409,28870195,28515829,..
"Population, total",SP.POP.TOTL,Vietnam,VNM,93638724,94596642,95540395,96462106,..
"Population, total",SP.POP.TOTL,Virgin Islands (U.S.),VIR,107510,107268,106977,106631,..
"Population, total",SP.POP.TOTL,West Bank and Gaza,PSE,4367088,4454805,4569087,4685306,..
"Population, total",SP.POP.TOTL,"Yemen, Rep.",YEM,27168210,27834821,28498687,29161922,..
"Population, total",SP.POP.TOTL,Zambia,ZMB,16363507,16853688,17351822,17861030,..
"Population, total",SP.POP.TOTL,Zimbabwe,ZWE,14030390,14236745,14439018,14645468,..
,,,,,,,,
,,,,,,,,
,,,,,,,,
Data from database: World Development Indicators,,,,,,,,
Last Updated: 10/15/2020,,,,,,,,
